{
  "cars": [
    {
      "category": "Sedan",
      "brand": "BMW",
      "model": "320i",
      "modelYear": 2015,
      "mileage": 5638,
      "fuelType": "petrol",
      "seats": 5,
      "pricePerDay": 22000,
      "availability": false,
      "description": ""
    },
    {
      "category": "Sedan",
      "brand": "Toyota",
      "model": "Camry",
      "modelYear": 2013,
      "mileage": 11245,
      "fuelType": "petrol",
      "seats": 5,
      "pricePerDay": 14500,
      "availability": true,
      "description": ""
    },
    {
      "category": "Sedan",
      "brand": "Volkswagen",
      "model": "Golf",
      "modelYear": 2015,
      "mileage": 7086,
      "fuelType": "petrol",
      "seats": 5,
      "pricePerDay": 11000,
      "availability": true,
      "description": ""
    },
    {
      "category": "Sedan",
      "brand": "Hyundai",
      "model": "Sonata",
      "modelYear": 2013,
      "mileage": 46012,
      "fuelType": "petrol",
      "seats": 5,
      "pricePerDay": 14000,
      "availability": true,
      "description": ""
    },
    { 
      "category": "Sedan",
      "brand": "Honda",
      "model": "Civic",
      "modelYear": 2017,
      "mileage": 35271,
      "fuelType": "petrol",
      "seats": 5,
      "pricePerDay": 9500,
      "availability": true,
      "description": ""
    },
    {
      "category": "Wagon",
      "brand": "Holden",
      "model": "Captiva",
      "modelYear": 2018,
      "mileage": 6230,
      "fuelType": "petrol",
      "seats": 7,
      "pricePerDay": 10500,
      "availability": true,
      "description": ""
    },
    { 
      "category": "Wagon",
      "brand": "Suzuki",
      "model": "Jimny",
      "modelYear": 2019,
      "mileage": 26431,
      "fuelType": "petrol",
      "seats": 4,
      "pricePerDay": 16000,
      "availability": true,
      "description": ""
    },
    {
      "category": "SUV",
      "brand": "Jeep",
      "model": "Cherokee",
      "modelYear": 2018,
      "mileage": 5148,
      "fuelType": "petrol",
      "seats": 5,
      "pricePerDay": 10750,
      "availability": false,
      "description": ""
    },
    {
      "category": "SUV",
      "brand": "Nissan",
      "model": "X-Trail",
      "modelYear": 2016,
      "mileage": 15653,
      "fuelType": "petrol",
      "seats": 7,
      "pricePerDay": 14000,
      "availability": false,
      "description": ""
    },
    {
      "category": "SUV",
      "brand": "Mercedez-Benz",
      "model": "GLC",
      "modelYear": 2016,
      "mileage": 14637,
      "fuelType": "petrol",
      "seats": 5,
      "pricePerDay": 22000,
      "availability": true,
      "description": ""
    }
  ]
}